Название;Сайт;Почта;Номер телефона;Адрес;ОГРН;ИНН
Банкрот Консалт;https://bankrotconsult.ru;;78002006551;Москва Комсомольский проспект д. 16/2, с. 3;1,0277E+12;
2Лекс;https://2lex.ru;;78005515971;Москва Несвижский пер. д. 10;1,0277E+12;
Международное юридическое бюро;https://ilo-co.com/;ilorussia@yandex.ru;88007707473;;3,18169E+14;1,65048E+11
Федеральный Центр Банкротства Граждан;https://fcbg.ru/;THE4UH@GMAIL.COM;78006008471;с 10:00 до 20:00;1,2177E+12;9704087237
Банкрот Консалт;https://bankrotconsult.ru;;78002006551;Москва Комсомольский проспект д. 16/2, с. 3;1,0277E+12;
2Лекс;https://2lex.ru;;78005515971;Москва Несвижский пер. д. 10;1,0277E+12;
Витакон;https://msk.vitakon.ru/;;78003333074;Москва Тургеневская площадь д. 2;1,17775E+12;
СитиАрбитр;https://cityarbitr.ru/;;74992818525;Москва Большой Гнездниковский переулок д. 7;1,19775E+12;
Современная Защита;https://sovz.ru/;;78003006227;Москва ул. Лубянский проезд д. 15/2, 4 подъезд, 3 этаж, оф. 308а;1,16775E+12;
Федеральный Центр Банкротства Граждан;https://fcbg.ru/;THE4UH@GMAIL.COM;78006008471;с 10:00 до 20:00;1,2177E+12;9704087237
Юридическое агентство «Арбитраж»;https://arbitrrf.ru/;;79288212084;Ставрополь ул. Мира д. 267;;
Финправ;https://finprav.com/;;73833122051;Новосибирск ул. Октябрьская д. 45;1,14548E+12;
Национальный Центр Банкротства;https://bankrotstvo-476.ru/;;74951490960;Москва ул. Дружинниковская д. 11/2;1,14775E+12;
Саратовский Департамент Судебных Экспертиз;https://sardep.ru/;;78452908811;Саратов ул. Железнодорожная д. 5/9;;
ЮК Основа;https://yrcreditrostov.ru/;;79381096016;Ростов-на-Дону ул. Серафимовича д. 52 А, офис 308;1,1862E+12;
Правовая группа «БанкротовЪ»;https://bankrotov.com/;;73422938330;Пермь ул. Ленина д. 92, Славяновский Plaza;;
ЮрФинанс;https://urfinance.info/;;73912193502;Красноярск ул. 78 Добровольческой Бригады д. 25, оф. 337;;
Юридическая практика Александра Воробьёва;https://xn--80accbo6cap4i.xn--p1ai/;;79539764439;Саратов ул. Чернышевского д. 60/62, БЦ «Фрегат», оф. 820;;
Адвокат Волков П.П.;https://advokatvolkov26.ru/;;79888686071;Ставрополь ул. Доваторцев д. 38, 3 этаж (Бизнес Центр «Лига»), оф. 7;;
Банкротпроект;https://www.банкротпроект.рф/;info@bankrotproekt.ru;74999388448;г. Москва, ул. Знаменка, д. 13, стр. 1, оф. 15;1,2077E+12;
Финансово-правовое бюро;https://fpburo.ru/;Spbfinbr@yandex.ru;73842780202;"г. Новокузнецк, пр. Кузнецкстроевский, д. 9; г. Владивосток, Океанский пр., д. 15а, оф. 305";1,2042E+12;4205387853
Группа компаний Логос;https://logos63.ru/;dolbenko@list.ru;78462010908;г. Самара, ул. Дачная, д. 2к2, оф. 506;1,2063E+12;6311189110
Банкротное агентство «Доверие»;https://xn--159-5cdeh9cxakbtnmb.xn--p1ai/;;73422150155;Пермь ул. Куйбышева д. 50 оф. 1105;;
Темис Групп;https://www.themisgroup.ru/;ThemisGroup@yandex.ru;88462030317;г. Самара, ул. Пушкина, д. 229, оф. 303;1,2163E+12;6317154339
Proff Банкрот;https://proffbankrot.ru/;;74952233815;Москва Семеновская пл. д. 1А, 18 этаж, оф. 3;1,17775E+12;
"Центр помощи кредитным должникам ""Гарант""";https://cns.zone/;garant@gmail.com;84162319912;г. Благовещенск, ул. 50 лет октября, д. 63, оф. 415;1,2028E+12;2801260950
Кредитный комиссар;https://www.kreditnykomissar.ru/;mail@kreditkomissar.ru;88007006291;г. Благовещенск, ул. Островского, д. 75;1,1528E+12;
ЮК «Консультант»;https://krasconsultant.ru/;;73912968524;Красноярск ул. Светлогорская д. 17Д;;
Бетаконсалт;https://betaconsult.ru/;;78001005720;Москва ?2-й Лихачёвский переулок д. 1, ст11;1,18028E+12;
Законотека;https://zakonoteka.ru/;info@zakonoteka.ru;79027100049;г. Саратов, ул. Мичурина, д. 9/15;1,2064E+12;6455074409
Форсайт;https://forsite-spb.ru/;;78124673957;Санкт-Петербург ул. Малая Конюшенная дом 10;1,17785E+12;
Тактика — Юридическая защита;http://taktikajurist.ru/;;74996488922;Москва ул. Гиляровского д. 6, с.1;3,19775E+14;
Долговнет;https://dolgrus.ru/;info@dolgrus.ru;79658267017;;3,18548E+14;2,20904E+11
Банкротство Сибирь;https://bankrotstvosib.ru/;banfizik@mail.ru;79609618888;г. Барнаул, пр. Калинина, д.116/10, оф. 215/2;3,2222E+14;2,20418E+11
NiceLex;https://nicelex.ru/;nicelexmail@gmail.com;79059069577;г. Кемерово, ул. Кирова, д. 25;1,2242E+12;4205408856
Goodman;https://goodman.bz/;info@goodman.bz;78469907711;г. Самара, ул. Революционная д. 70Е, оф. 306;1,18631E+12;6316247291
Долг эксперт;https://долгэксперт.рф/;info@dolgexpert.com;84951362225;г.Москва, ул. Кузнецкий мост, д. 21/5;3,19775E+14;7,32895E+11
Байкальский Центр Банкротства;https://bankrotcb.ru/;bankrotcb38@yandex.ru;79016606565;;;
Юридическая компания «Содействие»;https://bankrot039.ru/;info@bankrot039.ru;79052480008;г. Калининград, ул. Генерал-лейтенанта Озерова (ор-р ТЦ «Мега»), д. 19, оф. 305;;3,90503E+11
Двитекс;https://www.dvitex.ru;;79854244041;Москва пер. 1-й Голутвинский д. 3-5, стр. 1, 1 этаж;1,10775E+12;
Юридическая компания «Старт»;https://urstart.ru/;info@urstart.ru;74995009602;г. Москва, ул. Бауманская, д. 32, стр. 2, оф. 10;;
Первый Юридический Центр;https://ekaterinburg.1urcentr.ru/;;79826945310;Екатеринбург ул. Вильгельма Де Геннина д. 45;1,17754E+12;
Долги в ноль;http://dolgivnull.ru/;dolgivnol@mail.ru;79148281445;г. Якутск, ул. Дзержинского, д. 26/4, оф. 601-3;;
Банкрот Центр;https://bankrotcentr.com/;info@bankrotcentr.com;88005113796;;;7104519315
ЮК «Доверие»;https://doverie2007.ru/;;78007757464;Екатеринбург ул.Белинского д. 83, 16 этаж, офис 1603;1,15666E+12;
Областной Центр Защиты Права;https://czprav.ru/;czprava@yandex.ru;79372259225;г. Саратов, Мирный пер., д. 5, офис 304;1,16645E+12;
Сибанкрот;https://sibankrot.ru/;sibankrot@inbox.ru;79398178788;г. Барнаул, ул. Гоголя, д. 36;3,2322E+14;2,2241E+11
Сфера Защиты;https://barnaul.sfera.help/;sales@sfera.help;79236337001;г. Барнаул, Красноармейский пр., д. 51а, оф. 501;1,2154E+12;
Адвоклад;https://advoklad.ru/;;73452518063;Тюмень ул. Герцена д. 64, оф. 1104;;
Шмелёва и партнёры;https://shmeleva-partners.ru/;info@shmeleva-partners.ru;88452688388;г. Саратов, ул. Вольская, д. 29, оф. 219;1,2164E+12;6454126855
Юрпрофит;http://urprofit96.ru/;;73432014888;Екатеринбург ул. Восточная д. 56, 6 этаж, оф. 4;1,0566E+12;
Эверест;https://everest-nsk.ru/;everest.3809990@yandex.ru;73833809990;;1,2254E+12;5404311434
Правграм;https://pravgram.ru/;;78469900940;г. Самара, ул. Дыбенко, д. 20, оф. 212;;
Алгоритм защиты;https://azjurist.ru/;;88124261756;"г. Новосибирск, пр-кт Димитрова, д. 4/1, оф. 5а2; г. Нижний Новгород, ул. Максима Горького, д. 121,  оф. 202,";;
Сибирский центр банкротства;https://centrbankrotstva.ru/;;79232473387;Новосибирск Комсомольский пр-т д. 1а, оф. 307;1,18421E+12;
Правовой центр «Алмаз.МФЦ»;https://mfcalmaz.ru/;;73832096932;Новосибирск Красный пр-т д. 157/1, оф. 202/2;1,17548E+12;
Юридическая фирма «Аргументум»;http://xn--80agg1abfrufe.xn--p1ai/;;73833804532;Новосибирск ул. Коммунистическая д. 7, оф. 310;1,16548E+12;
Новая Жизнь;https://ньюлайф.рус/;;73952938899;;1,2138E+12;3810087615
Мы Вместе;https://mivmeste2015.ru/;info@mivmeste2015.ru;78002019599;г. Томск, пр. Комсомольский, 43а (Лебедева 57), офис 802, 803, 805;;
СоветникПрав;https://sovetnik-prav.ru/;sovetnikprav.ast@gmail.com;88512727230;;;
Делу время;https://делу-время.рф/;pravo@deluvremya.info;;;1,17703E+12;7017434619
"ЮК ""Жизнь без долгов""";https://jiznbezdolgov.ru/;;79061777365;;1,213E+12;3025039005
Финансовая Служба Банкротства;https://bankrotlegal.ru/;;89600892779;г. Казань, проспект Ямашева, д. 46, оф. 304;1,17169E+12;
Фимида-Дона;https://xn----7sbbncua5aoj2d.xn--p1ai/;;79281319444;Ростов-на-Дону бульвар Комарова дом 30;1,1662E+12;
Канев Групп;https://kanev-group.ru/;kanev.group.sar@gmail.com;79050333999;г. Энгельс, ул. Площадь Свободы 22;1,2264E+12;6449103531
Мой Источник Права;https://advokat-malov.ru/;nm@advokat-malov.ru;74995770328;г. Москва, Старопименовский пер., д. 18;;
Хатон Право;https://haton.moscow/;pravo@haton.ru;74951907745;г. Москва, Варшавское шоссе, д. 42, оф. 625;1,2277E+12;9726021303
Эрса;https://bankrotersa.ru/;ukersa2023@gmail.com;79699673196;;1,2239E+12;3900000224
М.И.Р.;https://mirlc.ru/;vis@mirlc.ru;;Ижевск (Удмуртия);;1841102860
Юридический метод;https://юридические-услуги-абакан.рф/;;73902313587;;1,2119E+12;1900004120
Юридическая инициатива;https://legalinict.com/;kld@legalsib.com;;"г. Калининград, Бизнес центр ""Кловер"", площадь Победы, 10, офис 603";1,2242E+12;4205402621
Раздоров и компания;https://razdorov-bankrotstvo.ru/;;88006006538;г. Ростов-на-Дону, ул. Семашко 35/53, оф. № 5;;
Артюшин и Партнеры;https://artyushin.ru/;;79133022222;Кемерово пр. Советский д. 32, оф. 45;;
Центр финансовых решений;https://bankrotstvo-krd.ru/;;78612176102;Краснодар ул. 40-летия Победы д. 20/1, оф. 401;;
Финансовый консультант;https://zhivibezdolgov.ru/;info.fincons@yandex.ru;88002014253;г. Йошкар-Ола, ул. Комсомольская, д. 125, оф. 209;1,15122E+12;1215191283
Юридическая компания «Новая глава»;https://банкротство39.рф/;rtk39@bk.ru;74012270136;г. Калининград, пл. Василевского, д. 2;3,22393E+14;7,4481E+11
Компания «Деловой Союз»;http://делсоюз.рф/;osminin.evgeniy@mail.ru;84954097557;;;3,305E+11
Банкротство-911;https://bankrotstvo-911.ru/;info@bankrotstvo-911.ru;78124094020;г. Санкт-Петербург, ул. Жуковского, д. 22;1,2278E+12;
Многофункциональный Центр Банкротства;https://plan-bankrotstva.ru;;74996539426;Москва Варсонофьевский пер. дом 4, строение 1;1,18775E+12;
Центр банкротства граждан;https://kreditanet.ru/;;79627599292;Волгоград ул. Баррикадная д. 1 «Б», оф. 314;;
Центр списания долгов;https://finzdorov.ru;;74999386584;Москва ул. Авиамоторная д. 10 корп. 2;1,18775E+12;
Умный должник;https://bfl.umdolg.online/;;79600769175;;3,21169E+14;1,6611E+11
Юридическая компания «Центр Банкротства Юрист»;https://finsenator.ru/;finsenator@yandex.ru;79233992521;;;
Юридическая компания «Академ»;https://academ-legal.ru/;help@academ-legal.ru;78126037387;г. Санкт-Петербург, Невский пр-т, д. 80, оф. 7-1;1,1947E+12;4703164360
Юридическая Компания «Ваш Партнер»;https://vp-zakon.ru/;;78005059288;Курган ул. Володарского д. 65, оф. 328;1,18746E+12;
Новый старт;https://новыйстарт.рф/;it@novstart.ru;88001012135;г. Калуга, ул. Суворова д. 44, п. 1;;
Wallman;https://wallman.lawyer/;uk-wallman@mail.ru;73952265703;;1,2238E+12;3804116025
Жизнь Без Долгов;https://www.zhizn-bez-dolgov.ru/;;78003508512;Екатеринбург ул. Карла Либкнехта д.22, офис 712;3,12742E+14;
Центр Банкротства «Легко и Законно»;https://банкротство-легко.рф/;;89279200203;;;
Союз юристов Алтая;https://союзюристовалтая.рф/;info@syua.ru;73852544921;г. Барнаул, ул. Антона Петрова, д.221Д/1;1,2022E+12;2222886560
Бест-Банкрот;https://best-bankrot.ru/;;74951625779;Москва ул. Крутицкий Вал д. 16, оф. 409;1,19775E+12;
ПравоГрупп;https://bankrot-grupp.ru/;pravogrupp@mail.ru;89132100696;?г. Барнаул, ул. Пролетарская д.139, оф. 7;;
Адвокат Пилипенко Е. А.;https://pilipenko32.ru/;;74832370978;г. Брянск, ул. Калинина, д. 99а, оф. 211;;
Гриаста;https://griasta.ru/;;73832309537;Новосибирск ул. Кавалерийская д. 9;3,18548E+14;
Юридический Центр «Фаворит»;https://favorit-consult.ru/;;78002226186;Москва Варшавское ш. д. 1, стр. 1, (оф. 701);;
Профи Долг;https://profidolg.ru/;mail@profidolg.ru;88003508357;г. Москва, ул. Маленковская, д. 12;3,20775E+14;3,25402E+11
Юс Когенс;https://jus-cogens.ru/;;73432047133;Екатеринбург ул. Хохрякова д. 75;1,0466E+12;
КонсалтАудит;https://konsaltnn.ru/;;79911911299;Нижний Новгород ул. Генкиной д. 39А/16 (помещение П7);1,10526E+12;
Ваш банкротный консультант;https://ваш-банкротный-консультант.рф/;bankrupt-consultant@yandex.ru;84922499878;г. Владимир, ул. Мира, д. 15В, оф. 314;1,14334E+12;3329079169
Всегда на защите Ваших прав;https://pravo-c.ru/;info@pravo-c.ru;74959203693;г. Зеленоград, Савелкинский проезд, д. 4, оф. 812;1,07776E+12;
Юрисконсульт;https://yuriskonsult.info/;;79044959855;Тюмень ул. Гастелло д. 57, оф. 218;;
Юридическая компания «Юрисконсульт»;https://nskkonsult.ru/;3810676@mail.ru;73833810676;;;
Беликов;https://belikovlaw.ru/;;74742527742;Липецк ул. Студёновская д. 5 / пр. Победы, д. 65А;;
Взысканий.Нет;https://взысканий.net/;;88004444127;г. Вологда, ул. Предтеченская, д. 31, оф. 301;;5902176467
Ольга Степанова и Партнеры;https://olgastepanova.pro/;;79003616999;Брянск пр-кт Ленина д. 67, эт. 2, оф. 217;;
Фемида;http://centerfemida.ru/;;78462017666;Самара ул. Победы д. 84;;
Татюргарант;https://tatyurgarant.ru/;;78432392001;Казань ул. Декабристов д. 85Б, оф. 505;;
Контора юридических делъ;https://www.pravo34.ru/;;78442988933;Волгоград ул. Комсомольская д. 8;;
Центурион;https://centturion.ru/;;78003331899;Челябинск ул. Яблочкина д. 4;1,13745E+12;
Мой семейный юрист;https://мойсемейныйюрист.рф/;help@mfl.msk.ru;79299052292;Москва, Петровский пер., д.10, стр.2;;
Дельта-План;http://bankrot-delta.ru/;;79009737272;Рязань Первомайский проспект д. 33Б, офисы 203, 204, 207;;
Финреко;https://finreko.ru/;;79689728193;г. Москва, ул. Ленинградский проспект, д. 7 ст1, оф. 318;;
ЗАКРОЙДОЛГИ.РФ;https://закройдолги.рф/;;79275558811;;;
Агентство Списания Долгов;https://dolganetasd.com/;info@xn--80afcg1aod1b.com;78127482544;г. Санкт-Петербург, ул. Большая разночинная, д. 14, оф. 407;1,18785E+12;7838077396
ТопБанкрот;https://top-bankrot.ru/;info@top-bankrot.ru;79250559779;г. Москва, Электрический переулок, 3/10 стр 1, оф. 523;;
Юридическая Казань;https://yurkzn.ru/;;89520432051;Казань, ул. Габдуллы Тукая, д. 91, оф. 300;1,2116E+12;1655461100
Чернышов и Партнеры;https://chernyshovpravo.ru/;;79103537217;Липецк ул. 50 лет НЛМК д.11, оф. 09;;
Банкротство и судебное представительство;https://bsp26.ru/;;79283215121;Ставрополь ул. Ленина д. 468, оф. 618;;
Вектор Защиты;https://vektor-zashchity.ru/;;79270966518;;1,2177E+12;9731082005
Стратегия защиты;https://юристы-барнаула.рф/;89039478080@gmail.com;79039478080;г.Барнаул, ул. С. Ускова, д. 15, оф. 204-205;3,19223E+14;2,2854E+11
Результат78;https://rezultat78.ru/;info@rezultat78.ru;79119242225;г. Санкт-Петербург, ул. Ильюшина д. 3, оф. 8;3,21785E+14;7,81416E+11
Антикризис Group;https://antikrizis.group/;anticrisismanager@gmail.com;79882939361;г. Махачкала, ул. Автомобилистов, д. 7;;
ЭкономБанкрот;http://www.econombankrot.ru/;;88003020704;г. Калининград, пр. Ленинский, д. 30, оф. 602;;
Юридическая компания «Вектор Прайм»;https://mpcvector.ru/;;74952121027;Москва улица Плещеева дом 18 корпус 2, эт 1 пом 1 ком 23;1,13775E+12;
Мой банкрот;https://мой-банкрот.рф/;mybankrot.info@yandex.ru;74932574624;г. Иваново, проспект Ленина, д. 2В, оф. 6;1,2037E+12;3702250720
Закон и налоги;https://www.lawtax.ru/;;74951896982;Москва ул. Образцова д. 14;1,09775E+12;
Человек и право;https://xn----8sblcbtlub7atg.xn--p1ai/;;78007076322;Ставрополь ул. Мира д. 284/1, оф. 24;3,19746E+14;
Бугров и Партнеры;http://arbitr-chernov.ru/;;78002348980;Нижний Новгород ул. Максима Горького д. 50, оф. 4;1,16526E+12;
Раздоров и партнеры — Наше дело;https://xn---61-5cdvec2cmq8h.xn--p1ai/;;78005513004;Ростов-на-Дону ул. Семашко д. 35, офис 5;3,2062E+14;
Вадим Хайрединов и Партнеры;https://vhpravo.ru/;vhpravo@gmail.com;78452338620;г. Саратов, ул. Чапаева, д. 112/124, оф. 3;;
Белый Слон;https://rf.belyyslon.ru/;;79095007610;Новосибирск ул. Ленина д. 12, оф. 905;1,16548E+12;
Центр списания долгов «Идель»;https://idell.ru/;;79393100100;;3,19169E+14;1,65716E+11
Адвокатский кабинет Бобракова Т.В.;https://advokat-bobrakova.ru/;advokat.bobrakova@yandex.ru;79275571812;;;
Полное Право;https://polnoe-pravo.ru/;info@polnoe-pravo.ru;73012480847;г. Иркутск, ул. Киевская, д. 24;3,18385E+14;32621523341
Юридическая компания «Эклекс»;https://www.eclex.ru/;info@eclex.ru;88127482442;г. Санкт-Петербург, Манежный пер., д. 16, оф. 32;;
Юрконсультация;http://jur-nnov.ru/;;78314246824;Нижний Новгород ул. Советская д. 16, п.6;1,14526E+12;
Личный юрист;https://yurist-rostov24.ru/;;78632686388;Ростов-на-Дону пр. Ворошиловский д 46, оф. 703;3,15617E+14;
Юридическая компания «Юстициа»;http://юстициа.рф/;justitia06@yandex.ru;79232135197;;;
Банкротствовед;https://spisaniedolg.ru/;armavirvip@yandex.ru;89183257071;Армавир (Краснодарский край);;
ЮМФЦ Статус;https://urist-64.ru/;umfc.saratov@mail.ru;78452991026;г. Саратов, ул. Чапаева, д. 35;;6453167680
Линия Права Центр;http://bankrotstvo.lp-centr.ru/;;89298416677;;1,2377E+12;2,809E+11
Правильный выбор;https://pravv.ru/;info@pravv.ru;88006005793;;;
Лига защиты;https://liga.agency/;;79687218874;Владивосток (Приморский край);;2540267884
Банкротство Тайм;https://банкротствотайм.рф/;;89311059087;г. Владимир, Октябрьский пр-т, д. 7, оф. В124/2;;3328487704
Юридическая компания «Кредитный эксперт»;https://credex24.ru/;info@lcpb.ru;79006555889;г. Санкт-Петербург, ул. Киришская, д. 2А;;
Юрист Тольятти;https://юрист-тольятти.рф/;J_b163@Mail.Ru;79033310071;г. Тольятти, ул. Ленинградская, д. 43;;
Борисович и Партнеры;https://borisovichpravo.ru/;borisovichgroup@mail.ru;89061111478;г. Москва, Пресненская набережная, д. 8, стр. 1, оф. 111;;
Кредитный Щит;https://кредитныйщит.рф/;Kreditniyshit@yandex.ru;79609433553;г. Барнаул, ул. Партизанская, д. 105;3,2222E+14;2,22106E+11
Альянс МК;https://alliancemk.ru/;;73422060100;Пермь Комсомольский пр-т д. 72;;
СКБ «Тактика»;https://7764846.ru/;;73517007507;Челябинск ул. Энгельса д. 44г;;
Центр правовой помощи Цивилист;https://civilist22.ru/;;89835480638;г. Барнаул, пр. Калинина, д. 6а, оф. 110;;
"Компания ""ТриДа""";https://tri-da.ru/;;78442203015;г. Волгоград, ул. Новоросийская, д. 5;;
Бест Консалт;https://bestkonsalt18.ru/;info.bestkonsalt@mail.ru;79658503597;г. Ижевск, площадь 50 лет Октября, д. 9;;
Юридическое агентство «Шадрин & Горбушин»;http://семейный-юрист-ижевск.рф/;udmpravo18@gmail.com;79501702815;г. Ижевск, ул. Дзержинского, д. 71а, оф. 221;;
Финанс эксперт;https://fin-nso.ru/;fin-nso@mail.ru;89139850048;;3,16548E+14;5,42113E+11
Банкротофф Липецк;https://bancrotoff.com/;;74742371001;Липецк пл. Плеханова д. 3;;
Юридическая компания ФИНЭКСПЕРТЪ;https://irk-finexpert.ru/;irk-finexpert@yandex.ru;73952456123;;;3811459591
ЮК «Победа»;https://www.pobeda29.ru/;;78182460436;;;
Центр защиты должников;https://bankrot59.ru/;;73422250737;Пермь ул. Петропавловская д. 46;;
Капелла;http://capella-law.ru/;;78463004249;Самара пр. Карла Маркса д. 201Б, БЦ «БАШНЯ», оф. 901;;
"ЮК ""ЮрЭкс""";https://ureks.ru/;info@ureks.ru;78004440248;г. Санкт-Петербург, ул. Комсомола, д. 41, оф. 405;;
Банкротное бюро Йошкар-Ола;https://www.банкротство12.рф/;;78362330257;г. Йошкар-Ола, ул. Красноармейская, д. 43, оф. 416;;
АгаеваID;https://agaeva-id.ru/;info@agaeva-id.ru;89581004218;г. Москва, ул. Садовая-Черногрязская, д. 8, стр. 1, оф. 408;;
Эвертон;https://everton.ru/;;78123172090;Санкт-Петербург 7-я линия В.О. д. 76, лит. А, БЦ «Сенатор», 7 этаж, оф. 709;;
БанкротГарант;https://банкротгарант.рф/;;89696376644;г. Вологда, ул. Чехова, д. 25, ТЦ «Сантехника»;1,17353E+12;
ЮК «Решение»;https://юк-решение.рф/;;79533181440;г. Калуга, ул. Суворова, д. 132, каб. 506;1,17403E+12;4028064347
Группа Регион;https://groupp-region.ru/;;79103500000;Липецк пл. Плеханова д. 3, офис 205;;
Юридическое агентство «Защита»;http://agency-zashita.ru/;;74994507505;г. Москва, Бережковская Набережная, д. 6, оф. 36;;
ДОЛГАМ.НЕТ;https://dolgam.net/;;78003338913;Москва ул. Каланчевская д. 15А, БЦ «Каланчевский» (не путайте с «Каланчевская Плаза»), оф. 401;1,15133E+12;
Кассин и партнеры;https://kassin.pro/;mail@kassin.pro;88332744645;г. Санкт-Петербург, Английская набережная, д. 52;1,17435E+12;4345463127
Адвокатское бюро “Нянькин и партнеры”;https://nyankin.ru/;info@nyankin.ru;79260703961;;;
Нечаев и партнеры;https://nechaev-partners.ru/;;74951913547;Москва Варшавское шоссе д. 1;1,14775E+12;
Мурзин Групп;https://murzin-group.ru/;murzingroup@mail.ru;89501117109;г. Иркутск, ул. Красноказачья, д. 74/2;3,20385E+14;3,81115E+11
ЧистыйЛист52.РФ;https://bankrotstvo52.ru/;info@bankrotstvo52.ru;79307033334;г. Дзержинск, ул. Грибоедова, д.23;;
ЦПФК;https://cpfk.ru/;;78123892458;Санкт-Петербург ул. Александра Невского д.9И, офис 23, 24, 25;1,19785E+12;
ЮК «Вавилон»;https://ukvavilon.ru/;;73433638867;Екатеринбург ул. Малышева д. 36 оф. 1006;1,19666E+12;
Юр-Хаус Консалт;https://urhouseconsult.ru/;uristhouse@mail.ru;88126141478;г. Санкт-Петербург, Садовая-Спасская ул., д. 21/1;;
Адвокат-Груп;https://advokat-grup.ru/;;;г. Самара, ул. Мичурина, д. 52, оф. 226а;1,0363E+12;6317018181
Адвокат Мантрова Е.Е.;https://sovetnik-vlz.ru/;sovetnik-vlz@mail.ru;8443383409;г. Волжский Волгоградской обл., ул. Пушкина, д. 76, оф. 2/34;;
В.А.Толкачев - адвокат в Барнауле;https://advokat22.ru/;advokkat22@yandex.ru;89132214131;г. Барнаул, ул. Юрина, д. 194а, оф. 203;;
"Правовой Центр ""Слово и дело""";http://ooo-slovoidelo.ru/;ooo.slovoidelo@gmail.com;78512413057;;;
Доверие & Репутация;https://doverieireputaciya.ru/;;;Севастополь ул. Одесская д. 27Б, офис 7;1,13554E+12;
Принцип;https://услуги-юристов.рф/;info@princip-lawyer.ru;73412330953;г. Ижевск, ул. Советская, д. 10;1,2118E+12;
Кочкалов;https://kochkalov.ru/;;79052122298;Санкт-Петербург ул. Марата д. 47-49, БЦ «Гелиос», кабинет С401;3,17645E+14;
Межрегиональный правовой центр;https://mpcsar.ru/;mpc-64@mail.ru;79518899191;г. Саратов, ул. Советская, д. 25 А;1,14645E+12;6450085140
ЮК Адвоката Камалдинова;https://kamaldinov.info/;1807007@gmail.com;79651807007;г. Москва, Лубянский пр, д. 27/1с1, ДЦ «Китай Город», оф. 312;;
"Юридическая компания ""Центурион""";https://centurion-bankrotstvo.ru/;expert_163@inbox.ru;78462723256;г. Самара, ул. Ново-садовая, д. 347А;;
Юридическая компания «М и КО»;https://medjidovico.ru/;ooomikojurist@gmail.com;88005512905;;5,15775E+12;7725299373
Региональный правовой центр Тольятти;https://tlt-pravo.ru/;mail@tlt-pravo.ru;88482948050;г. Тольятти, ул. 40 лет Победы, д. 26, оф. 10;3,19631E+14;6,32309E+11
Гороховиков Алексей Викторович;https://sibbankrot.ru/;;73833196386;Новосибирск ул. Дачная д. 60 А, оф. 208;3,14548E+14;
Группа Компаний «Финансы и право»;http://www.gkopenfin.ru/;;79381687000;Ростов-на-Дону ул. Соколова д. 53, оф. 616;1,1762E+12;
Антикредит;http://anti-credit.com/;;79315217320;Ростов-на-Дону пер. Крепостной д. 123, оф. 404;1,1161E+12;
Финансовая и юридическая защита должников;https://bankrot-fiz.ru/;;79677105227;г.Нижний Новгород, пр. Гагарина, д. 115а;3,08525E+14;5,2521E+11
АФ «Ревякины и партнеры»;https://advokatrev.ru/;;79185547757;Ростов-на-Дону проспект Михаила Нагибина дом 33а/47, офис 303-304;1,1962E+12;
Центр помощи должникам;https://cepod.ru/;;74994040334;Москва пер. Мельницкий д. 1 БЦ Мельницкий, 4 этаж, оф. 402;1,19775E+12;
Юридическая компания «Партнер»;https://law-partner.ru/;;74951892370;Москва ул. Енисейская д. 2, стр. 2, офис 003;1,07775E+12;
Альфа-Бастион;http://xn----7sbabe7bqvi2als7h.xn--p1ai/;;78632684065;Ростов-на-Дону пр.Буденновский д. 80, оф.206 А;1,1962E+12;
Юридическая компания «Region Кредит»;https://www.regioncredit42.ru/;;73842330331;г. Кемерово, пр-т Ленина, д.51Б, оф.5;;
Городской юридический центр;https://uristcenter.com/;;79137250460;Новосибирск ул. Кропоткина д. 205, оф. 205;1,16548E+12;
Поморский юридический союз;http://pus29.ru/;Pus29@bk.ru;88182477004;;;
Bank Gra — Федеральный Центр Защиты Заемщиков;https://bankgra.ru/;;78005116576;Москва пр. Мира 95 д. 95 с1, оф 1518;3,19775E+14;
Иванов и Партнёры;https://ivanov-i-partnery.ru/;ivanov@juridical.help;89062339989;г. Калининград, ул. Минская, д. 25, оф. 212;;
Кубань банкрот;https://bankrot-kuban.ru/;;78004445069;Краснодар ул. Северная д. 490, оф. 303;;
Правовой центр «Реформа»;https://xn----7sbbavptnpcuc4cyh.xn--p1ai/;;78432335023;г. Казань ул. Г. Камала д. 55;;
Инсайд-право;https://drug.ins38.ru/utp/;support@666484.ru;88003336953;;;
Легатерра;https://legaterra.ru/;;73512161513;Челябинск ул. Плеханова д. 16, вывеска «Юридический центр»;;
"Юридическая компания ""Защита""";https://bankrotstvoru.ru/;;74951912172;Москва ул. Новослободская д. 20, стр. 6. 2-й этаж;1,18775E+12;
Юрист для Людей;https://xn--80acgfbsl1azdqr.xn--d1aadjija0bkk2khl.xn--p1ai/;;78005338130;Екатеринбург ул. Челюскинцев д.25;1,19666E+12;
Лига Правосудия;https://ligapravosydiya.com/;;89084408080;г. Владивосток, ул. Дальзаводская, д. 1;;2536324272
ООО «Финансовая Защита» Ижевск;https://vk.com/yrzaschitov;33.izhevsk@mail.ru;79226803411;"г. Ижевск, Пушкинская улица, д. 165, ТЦ ""Медведь"", оф. 802";;
Юридический Центр «Альфа»;https://alfa-ivanovo.ru/;alfa262024@yandex.ru;4932262024;г. Иваново, ул. Степанова, д. 5, оф. 301;;
"Юридическая компания ""Виктория""";https://victoria30.ru/;yr.victoria@mail.ru;79881735454;;;
Юридический кабинет братьев Болтуновых;https://bb-pravo.ru/;;74995204923;Москва Покровский бульвар д. 4/17, с. 1;1,16503E+12;
Воронежский Юридический Центр «ЗаконЪ»;https://centr-zakon.ru/;centr-zakon-vrn@mail.ru;79036529577;г. Воронеж, ул. Никитинская, д. 8А, оф. 618;;
"ЮК ""4 партнёра""";https://fourpartners.ru/;info@fourpartners.ru;79084464460;г. Владивосток, ул. Запорожская, д. 77, оф.824/3;;
Банкрот сервис;https://bankrotserv.ru/;;78002224484;;;
Юридическая компания «Де-Юре»;https://www.law66.ru/;;73433440008;Екатеринбург улица Малышева дом 51, офис 15/03;1,18666E+12;
ЮК «Правовой Совет»;https://dombankrota.ru/;;74993993506;Москва ул. Красная Пресня д. 24;5,15775E+12;
Финон;https://finon127.ru/;info@finon127.ru;89011321707;г. Москва, ул. Земляной Вал, д. 7, оф. 219;1,2177E+12;9709071544
Бажена Консалт;https://www.bazhena.com/;;79348881042;Москва ул. Садовая-Сухаревская д. 2/34, стр. 1;1,11775E+12;
Адвокат Антон Лянгерт;https://advokat-moskva.info/;lyangert@gmail.com;79248888585;г. Москва, Новослободская, д. 21;;
Место Права;https://mestoprava.ru/;barnaul@mestoprava.ru;73852232718;г. Барнаул, Малахова, д. 79 А, к. 1;1,19223E+12;2223627455
Консулъ;https://konsul-yurist.ru/;;78313266909;Нижний Новгород ул. Короленко д. 27, оф. 210;1,16525E+12;
Лобис Лекс;https://vk.com/lobislex;;78314137918;Нижний Новгород ул. Рождественская д. 30, оф. 302;1,19528E+12;
Юридическая компания «Рестарт»;https://юк-рестарт.рф/;;74951184118;Москва, Каланчёвская ул., д. 16 с1, oф. 1.12;;
ЮА «Право-Инвест»;http://bankrotstvo.pravo-invest.ru/;;73433110384;Екатеринбург ул. Куйбышева дом 48 корпус № 1;1,18666E+12;
"Компания ООО ""Решение""";http://reshenievrn.ru/;advocat@reshenievrn.ru;79204454747;г. Воронеж, ул. Никитинская, д. 42, оф. 205;1,16367E+12;
ЮА «Голынец и Компания»;https://golinec-i-co.ru/;golinec-i-co@mail.ru;88002008954;;1,0502E+12;265027047
Финансово-Юридическое Агентство Конструктив;https://konstruktiv.agency/;;78007074240;Екатеринбург ул. Мичурина д. 239, оф. 14;1,18666E+12;
Лаборатория Антикризисных Исследований;https://www.labai.ru/;;74956267071;Москва Большой Головин переулок д.3, стр.2;1,03501E+12;
Юридическая компания «Эгида»;https://egidalaw.com/;EGIDA.KOMPANY@yandex.ru;89285581928;г. Махачкала ул. Буганова, д. 17В;;
Первые по банкротству РФ;https://первые-по-банкротству.рф/;bankrot@1pravo.ru;79250029792;г. Москва, ул. Рождественка, д.5/7, стр.1, оф. 3;1,11775E+12;7724788149
Урал-Право;https://ural-pravo.ru/;;73432883625;Екатеринбург ул. Хохрякова д. 104, оф. 901;1,04661E+12;
Адвокат  Черных Виталий Эдуардович;;;73432073534;Екатеринбург ул. Малышева д. 3, офис 1;3,15666E+14;
Арбитражный Управляющий Фастов А. В.;https://bankrot-34.ru/;;89876551087;г. Волгоград, ул.Комсомольская, д. 6, оф. 701;3,10346E+14;3,44601E+11
Ильченко & Мишелова;https://uristpomog.ru/;info@uristpomog.ru;74951423326;г. Зеленоград, ул. Каменка, к. 1812;;
МэйДэй;https://mayday.legal/;;74951282831;Москва ул. Сущевская дом 21, подъезд 2, этаж3, офис 12а;1,07695E+12;
Защита и Закон;https://xn---61-jddeeuezhygz4h.xn--p1ai/;;78633032155;Ростов-на-Дону пр-т М. Нагибина д. 11, оф. 606;1,1862E+12;
Ютрэйд;https://utradegroup.ru/;utrade09@mail.ru;88553438383;;;
Свой юрист;https://svoy-urist.ru/;;79112285915;Санкт-Петербург проспект Народного ополчения дом 15 квартира 43;3,16785E+14;
Ваша Безопасность;https://jurist-vb.ru/;;79200507776;Нижний Новгород ул. 50-летия Победы д. 18;1,05525E+12;
Экспертно-правовой центр;https://vk.com/club74531581;;79196862020;;;
"Юридическая компания ""Спектр""";http://spectrecompany.ru/;;83852692165;г. Барнаул, ул. Папанинцев, д. 111, оф. 8;;
Союз банкротных юристов;https://сбю.рф/;;88007008879;;;
Пока Долги;https://pokadolgi.ru/;;88003335670;;;
Юридическая компания «НЕ/БАНКРОТ»;https://www.nebankrot-krd.ru/;;;Краснодар ул. Красная д. 111, 4 этаж;;
Юрист Хизриева З. Г.;https://hizrieva.ru/;;79656999459;г. Волгоград, пр-т. им. Ленина, д. 94, оф. 120;;
Законное право;https://законноеправо.рф/;;79803500789;Липецк пр. Победы д. 29, оф. 530 БЦ «Виктория»;;
АК  «Ваше право»;https://advokat-amirova.com/;;79610444666;Уфа ул. Чернышевского д. 10а;;
Юридическая ассоциация;https://юристо.рф/;1@zakon12.ru;89024300101;г. Йошкар-Ола, пр. Гагарина, д. 2, оф. 238;;
"Юридический центр ""Твердый ЗнакЪ""";https://tverdyiznaklaw.ru/;info@tverdyiznaklaw.ru;79631529430;г.Иваново, ул.Богдана Хмельницкого, д.30А, оф. 20;;
Восточный бастион;https://eastbastion.ru/;zhuri01@yandex.ru;79502910808;г. Владивосток,  ул. Пушкинская, д. 32;;2,53612E+11
ФПК «Альтернатива»;https://fpk-alternativa.ru/;;78007776215;Новосибирск пр-т Карла Маркса д. 30, оф. 808;1,13548E+12;
Юридическая компания «Коллегия 78»;;kollegia78info@gmail.com;88129292992;г. Санкт-Петербург, Новгородская ул., д. 23, оф. 229;1,19785E+12;7842167998
БашЮрЗащита;https://lawufa.ru/;;79272369831;Уфа ул. Менделеева д. 170, оф. 208;;
Коллегия адвокатов «ARM IUST»;https://vk.com/club212264305;;79283384345;Ставрополь ул. Маршала Жукова д. 7, оф. 23;;
Кейс;https://casedv.ru/;dvcvl@mail.ru;79025241398;г. Владивосток, ул. Семёновская, д. 3а;;
ЮжУралЭксперт;http://uuexpert.com/;;73517761476;Челябинск ул. Свободы д. 155, оф. 309;;
Юрист52;https://law-52.ru/;;;Нижний Новгород ул. Алексеевская д. 24;3,17528E+14;
Европейская Юридическая Служба;https://lider-prav.com/;lider282011@mail.ru;79656710303;г. Благовещенск, ул. Богдана Хмельницкого, д. 20;1,1028E+12;2801157399
Центр юридической помощи;https://jurpomoshnik.ru/;;79217227442;Вологда ул. Герцена д. 63, оф 203;;
"Городской центр списания долгов ""Амнистия""";https://гцсд-амнистия.рф/;;88512201101;;;3,01708E+11
ФЕМИДА32;https://www.f032.ru/;;79208333300;Брянск ул. Горького д. 2А, оф. 212;;
Справочная юридическая служба;https://vk.com/juristservice;501-161@bk.ru;88172501161;г. Вологда, ул. Мира, д. 36;;
Мой юрист;https://myurist.center/;info@myurist.center;88006007016;г. Краснодар, 1-й проезд Филатова д. 4, оф. 401;1,2023E+12;2312290250
Юридический центр «Флагман»;https://kupipravo.ru/;;79995850052;Челябинск ул. Академика Королёва д. 10, оф. 211;;
Бюро арбитражных споров «Феникс»;https://arbitrphoenix.ru/;office@arbitrphoenix.ru;78124569094;г. Санкт-Петербург, ул. Таврическая, д. 11;;
Башилов, Носков и партнеры;https://bnplaw.ru/;;74956468759;Москва ул. Неверовского д. 10, стр. 3А;1,1977E+12;
Адвокат Кулаков И.Н.;http://vrn-36.com/;mnogo-advokatov36@yandex.ru;79202170018;г. Воронеж, ул. Ф. Энгельса, д. 48;;
Континенталь;https://pirmetov.ru/;;79224782562;Тюмень ул. Сакко д. 24, оф. 610;;
"ЮК ""Балтийская Фемида""";https://baltfemida.ru/;;79052133888;Санкт-Петербург площадь Александра Невского д.2, БЦ Москва;1,13785E+12;
Юридическая фирма «Магомедов и партнеры»;https://mag-law.ru/;;79882727273;Махачкала ул. Батырая д. 11, оф. 320;;
Де-Юрекс;https://deureks.ru/;;78124674066;Санкт-Петербург переулок Сапёрный дом 6, литер А, помещение 38н;1,15785E+12;
Юрист Групп Сибирь;https://yuristgs.ru/;;73852574722;г. Барнаул, пер. Геблера, д. 28;;
Деловой Дом;https://delovoydom.ru/;info@delovoydom.ru;79852273800;;;
Атлант;https://xn--90a1af.xn-----7kcbazpj3ani1azfcd6c7cyb.xn--p1ai/;;78126157826;Санкт-Петербург Владимирский пр. д.17,к.3, офис 307;;
Кузин и партнеры;https://kuzinpartners-bankrotstvo.ru/;office@kuzin-partners.ru;88006004180;г. Владимир, ул. Девическая,  д.15б;1,14333E+12;3327124313
Департамент правовых услуг;https://юрконсультация24.дпу.москва/;;74995888136;г. Москва, Пересветов пер., д. 8;1,19775E+12;9725019100
Центр Банкротства Граждан Юрия Водолагина;https://vodovlg.ru/;;79627599797;Волгоград ул. Рабоче-Крестьянская д. 22, оф. 503 (Ост. Пл. Советская);;
Прайм;https://prime-lc.ru/;;78123338033;Санкт-Петербург ул.Бутлерова д.42;1,07785E+12;
"Юридическая компания ""Простое решение""";https://yk-prosto.ru/;uk-prosto@yandex.ru;79333338707;;;
Адвокат Белоус А.М.;https://abelous.ru/;belous2177@gmail.com;79833006545;г. Новосибирск, ул.Виктора Шевелёва д.34, оф. 460;;4230018828
Филатов и Партнеры;https://bankrotstvo-chelyabinsk.ru/;;73512003448;Челябинск пр. Ленина д. 33;1,13745E+12;
Коллегия юристов | Альметьевск;https://vk.com/kollegiauristov;;79178668686;;;
Первое решение;https://финдолг.рф/;findolg.info@gmail.com;79170323455;г. Самара, Московское ш., д. 41;1,18631E+12;
Щит права;https://xn--80aafw9agm8c.xn--p1ai/;;78462060166;Самара ул. Авроры д. 114а, к.2, оф. 404;;
Скорая юридическая помощь;https://9911030.ru/;;79022911030;Самара ул. Мичурина д. 48;;
Безкредитофф;http://bezkreditoff.ru/;info@bezkreditoff.ru;88124073416;г. Санкт-Петербург, ул. Всеволода Вишневского, д. 12а, оф. 303;;
"Антикризисное бюро ""АРС""";http://arbitr127.ru/;arbitr127@mail.ru;78452212605;г. Саратов, ул. Московская, д.24;;
"Юридическая компания ""Вектор4""";https://vector4.ru/;pravo@vector4.ru;78126152217;г. Санкт-Петербург, ул. Гражданская, д. 21;;
Корса;https://spb.gk-korsa.ru/;spb@gk-korsa.ru;78129519991;г. Санкт-Петербург, Невский пр. д. 151, оф. 2;;
Ок Банкрот;https://okbankrot.ru/;;78006002884;Москва ул. Щепкина д. 28;1,18666E+12;
ГК-Гарант;https://гк-гарант.site/;;88122451930;г. Санкт-Петербург, пл. Карла Фаберже, д. 8, оф. 319.;;
Центр помощи должникам «Победа»;http://pobeda-tyumen.ru/;;73452564040;Тюмень ул. Республики д. 83, оф. 100;;
Праватон;http://www.pravaton.ru/;;88003507205;г. Ростов-на-Дону, ул. Города Волос д. 6, оф. 213, БЦ «Ростовский»;1,19238E+12;2310215440
Мое право;http://moepravo-online.ru/;moepravo.online@mail.ru;88002004810;;1,19028E+12;214007194
Премьер групп;https://premier-law.ru/;law@premier-law.ru;79633419404;г. Санкт-Петербург, Стремянная ул., д. 10, литер А, оф. 29;;
НЕдолжник;https://nedoljnik.ru/;;74742370878;Липецк ул. Валентины Терешковой д. 14;;
АЮР «Белая Полоса»;https://aur96.ru/;;79953336105;Екатеринбург ул. Шейнкмана д. 55, оф. 4.06;1,16966E+12;
Практика права;https://practika-prava.ru/;info@practika-prava.ru;74842333461;"г. Калуга, ул. Кирова, д. 20, БЦ ""Галерея"", оф. 310";3,18403E+14;4,02813E+11
Центр правовой защиты населения;https://xn--g1ame1a.xn--p1ai/;;78442502700;Волгоград ул. Коммунистическую д. 62;1,19775E+12;
Адвокат Горелкин С. А.;https://advokat-gorelkin.ru/;advokat.gorelkin@yandex.ru;78129206777;г. Санкт-Петербург, 4-я линия В.О., д. 35/37;;
Юридическое бюро «Юристея»;https://yuristeya.ru/;yuristeya@mail.ru;89106836032;г. Иваново, ул. Станционная, д. 13, оф. 1016;;
Центр банкротства физических лиц;https://bfl-centr.ru/;;79251577521;Москва Малый Дровяной переулок дом 6, офис 4;1,19775E+12;
Юридическая компания «Прав.ДА»;https://pravdaperm.ru/;;79922015000;Пермь ул. К. Цеткин д. 10А, оф. 425;;
Юрист Емельянова Ксения;https://emelyanova-ksenia.ru/;;79205158778;Липецк Коммунальная площадь д. 4;;
Давыдов и партнеры;https://www.advokatdavidov.ru/;info@advokatdavidov.ru;88007004777;Москва, ул Менжинского, д. 21;;
Юридическая фирма «Алькор»;https://alcor-bfl.ru/;alcorlegal@yandex.ru;79311051985;г. Москва, Малый Кисельный пер., д. 6с1;;
Белый Маркер;https://www.whitemarker.ru/;yola@whitemarker.ru;88007756644;;;
Ореол;https://xn--e1ajekbk9g.xn--p1ai/;;73512142144;Челябинск ул. Пушкина д. 66а;;
Юридическая Компания «Бизнес-Юрист»;https://b-urist.ru/;;74951092003;Москва Тетеринский переулок д. 12, строение 2, офис 109;1,12745E+12;
Юридический центр «НЕТДОЛГОФФ»;https://forma-prava.ru/;;78462192424;Самара ул. Гагарина д. 82А;;
НОРД-ЮРИСТ;https://www.nord29.ru/;;79314080077;Архангельск ул. Воскресенская дом 92 (отдельное крыльцо с торца здания);;
Юридическая компания «ИМПЕРИУМ»;https://www.yurist.ru.com/;imperium@yurist.ru.com;89250115007;г. Зеленоград, ул. Каменка, к.2003;;
ЦСД Армавир;https://csdarmavir.ru/;csdarmavir@yandex.ru;79384785588;Армавир (Краснодарский край);;
Ржанов и партнеры;https://r-partners.ru/;info@r-partners.ru;74957840060;г. Москва, ул. Дмитрия Ульянова, д. 20, корп. 1, офис 313;;
ЮЦ Гарантия;https://юц-гарантия.рф/;3818506@mail.ru;89930186505;;3,19548E+14;41105737952
Лекс Перитус;https://bankrot-artem.ru/;skp-vostok@mail.ru;74233774332;;;
Юридический центр: право и консалтинг;https://legal.msk.ru/;pravo@legal.msk.ru;79771920770;г. Москва, ул. Петровка, д. 17, стр. 4, оф. 69;1,02774E+12;7704027682
ЮК «Зенит»;https://zennit.ru/;;78005005423;Москва ул. Садовая-Кудринская д. 8, метро Баррикадная;1,17631E+12;
"ЮК ""Право Эксперт""";http://правоэксперт38.рф/;;;;;
Финансовая правда;https://fin-pravda.ru/;info@fin-pravda.ru;88007076413;г. Москва, ул. Селезневская, д. 11А, стр. 2, оф. 11;;
Юридическая компания «KZN LAW»;https://kzn-law.ru/;kznlaw02@yandex.ru;79872985559;г. Казань, ул. Дубравная, д. 2Д;;
Юрист-Гарант;https://urist-garant.ru/;;78314234470;Нижний Новгород ул. Дьяконова д. 34;1,14526E+12;
КРЕДИТАМНЕТ;https://kredita.net/;msk@kredita.net;88007751933;г. Москва, Холодильный пер, д.3, к.1, стр.3, пом.1, ком.1;1,2177E+12;7726480007
ЮК «Максимальная Защита»;https://max-defend.ru/;;73433022018;Екатеринбург ул. Красноармейская д. 10, офис № 18/08;1,19666E+12;
"Юридическая компания ""Армада""";https://dolganet.pro/;bp.ltd@yandex.ru;79841983186;г. Владивосток, ул. Тигровая, д. 30;;
Банкротофф;https://bankrotoff.org/;;78005552025;Москва ул. Автозаводская д. 23А, корп. 2;1,18775E+12;
Быть добру;http://www.companynpc.ru/;companynpc@mail.ru;78512200564;;;
Кулешина и Партнеры;https://kuleshina.ru/;;79899893669;;;
"Центр правовой помощи ""СоветникЪ""";https://vk.com/bankrotstvoarz;;79307009116;Арзамас (Нижегородская область);;
Банкирро;https://xn--80abwhoina.xn--p1ai/;;;Москва ул. Марксистская д. 22 стр. 1, офис 701/1;1,16775E+12;
До нуля;https://донуля.рф/;Info@donula.ru;79658137577;;;
"Юридическая компания ""Периметр""";https://vk.com/perimetrlawfirm;;79024671593;;;
Сибирский правовой центр «Максимум»;http://sbcenter-max.ru/;;73842558078;Кемерово ул. Ноградская д. 22;;
ЧаоДолг;https://chao-dolg.ru/;nocredit@chao-dolg.ru;88001011938;;;9710030172
Страна добрых дел;https://vk.com/strana_dobrih_del;;;г. ?Благовещенск, ул. Ленина, д. 120, оф. ?11;;
"Коллегия Юристов ""Финансист""";https://k-finansist.ru/;office@kollegia-finansist.ru;78126109811;г. Санкт-Петербург, Московский проспект, д.212, оф.4065;;
Правомир;http://www.pravomir.ru/;;73517777330;Челябинск ул. Курчатова д. 19, к. 2, оф. 10;1,0374E+12;
"Юридическая фирма ""ОБСИДИАН""";https://obsidianlaw.ru/;info@obsidianlaw.ru;88462110811;г. Самара, ул. Ульяновская, д. 52;;
ФЦБ;https://фцб.рф/;director@fcb.expert;88005111100;;1,2031E+12;3123474101
Экспресс Банкрот;http://express-bankrot.site/;;78612056464;г. Краснодар, ул. Красная, д. 65, оф. 5;;
Центр Финансовои? Свободы;https://xn------cddceghhhldi3cxawc6v.xn--p1ai/;;78002221625;;;
Сила Права;https://sila-prava.su/;;78182421685;Архангельск ул. Воскресенская д. 112, оф. 13-14;;
Центр Банкротства «Фемида»;https://bankrotstvo-femida.ru/;;;Нижний Новгород пр. Ленина д. 109;1,19528E+12;
Юридическая помощь Саратов;https://юрзащита-саратов.рф/;;78452985727;г. Саратов, Московская ул., д. 53;1,2064E+12;
Арбитражный управляющий Якупов И.Н.;;89297254435@mail.ru;79297254435;;;
Аллиам;https://www.alliam.ru/;;78005119002;Екатеринбург (Свердловская область);;
Центр законного списания долгов;https://xn--d1af4as.xn--p1ai/;;78007003144;Новосибирск Красный пр-кт д. 69;;
Юридический супермаркет;http://cvd.ru/;cvd@cvd.ru;88002343929;Нижний Новгород (Нижегородская область);1,1629E+12;2901266458
Центр правовой помощи;https://ur-cpp.ru/;urcppru@yandex.ru;8442500681;г. Волгоград, ул. 7-й Гвардейской Дивизии, д. 2, оф. 204;;
Правовая защита заемщиков;https://s-peterburg.mirbezdolgov.ru/;;78126113023;Санкт-Петербург Садовая улица д. 51 литер а, помещение 303;1,16785E+12;
Егоров и Партнеры;https://advokat-egorov.ru/;;79107402451;Москва Большой Строченовский переулок 22/25, стр.1;1,1846E+12;
ПравоЗащита;https://urservices.ru/;;78003014220;Москва Лефортовский переулок д. 4, стр. 3;1,19775E+12;
Ассоциация по защите прав заемщиков;https://antiko22.ru/;;79039100079;г. Барнаул, ул. Пролетарская, д. 131, оф.307;;
Юридическое Агентство «Альтернатива»;https://bankrotstvoekb.ru/;;73433285309;Екатеринбург ул. проспект Ленина д. 20, офис 21;1,15668E+12;
АБ г. Москвы «Дёмин и Партнеры»;https://advokat-demin.ru/;;79251456958;Москва ул. Верхняя Радищевская д. 13/15;1,1677E+12;
Адвокат Владивосток;https://адвокат-владивосток.рф/;gornov-rodnik@bk.ru;79025553300;г. Владивосток, пер. Днепровский, д. 5/1;;
ФПА;https://fpa.ru/;;;Санкт-Петербург улица Ефимова дом 4а литер а, помещение 21н офис 425;1,16785E+12;
Единый центр защиты;https://edin.center/;;78007009002;Москва ул. Большая Сухаревская Площадь д.16/18;1,18703E+12;
Юнова;https://yunova.ru/;;78462192218;Самара ул. Революционная д. 126, оф. 1;;
Центральная коллегия адвокатов;https://moscowadvokat.ru/;info@moscowadvokat.ru;74957408685;г. Москва, ул. Таганская, д.9;;
Адвокатское бюро «Антонов и партнеры»;https://pravo163.ru/;antonov.partner@gmail.com;74992883432;г. Санкт-Петербург, Спасский пер., д. 14/35, лит. А, оф. 1304;;
Юридическая компания «Credix»;https://credix.su/;credix@credix.su;74994308006;г. Москва, Большой Козихинский пер., д. 22, ст. 1, оф. 40;3,18785E+14;5,90807E+11
Аристократ;https://aristokrat-nsk.ru/;;73832876564;Новосибирск ул. Кирова д. 48, оф. 901;1,16548E+12;
Фурман и партнеры;https://furmanpartners.ru/;;78432034786;Казань ул. Парижской коммуны д. 6, оф. 36;;
Национальная служба списания долгов;https://nssd.su/;info@nssd.su;79666665254;;;
Вы с нами;https://visnamibankrot.ru/;;;Екатеринбург (Свердловская область);3,22775E+14;7,44724E+11
"ЮК ""Юр-Консалт""";https://yurconbfl.ru/;Infozabota78@yandex.ru;79311059155;г. Санкт-Петербург, пр-кт Петровский, д. 14, к. 6, оф. 20-Н;;
Региональный консалтинговый центр;https://rkc29.ru/;rkc29@yandex.ru;88006007235;;1,1229E+12;2901228452
Имеем Право;https://imeem-pravo.ru/;;73452680753;Екатеринбург пр-т Ленина д. 101к2, каб. 139;;
Правэкс;http://xn--80aeyrfj6f.xn--p1ai/;;78003330288;Челябинск пр-т Ленина д. 21в, каб. 2000;1,10745E+12;
Смолин;https://smolin.one/;;79951128580;Москва Дербеневская наб. дом. 1/2;1,18775E+12;
Лукьянов и партнеры;https://lukyanov-partners.ru/;;78452990698;Саратов ул. Рабочая д. 22, оф. 204;;
Юридическая помощь Раздолгин С.В.;https://yurist-razdolgin.ru/;sergei-v-r@yandex.ru;79093761069;;;
Юридическая компания «Юрвиста»;https://urvista.ru/;info@urvista.ru;74952669998;г. Москва, ул. Покровка, д. 3/7, стр. 1Б;;
Адвокат Слабеев Н.С.;https://advokatslabeev.ru/;advokat-slabeev@yandex.ru;73412576202;г. Ижевск, БЦ Форум оф. 409/9, 409/10, 409/11;;
Кепин и Партнеры;https://kepin-law.ru/;kepin@kepin-law.ru;88003028308;г. Владимир, ул. Студеная гора, д.36, оф. 401-406;1,2033E+12;3327145465
Кацайлиди и партнеры;https://katsaylidi.ru/;;73433112540;Екатеринбург пер. Отдельный д. 5;1,1266E+12;
Кредитный юрист;https://кредитюрист.рф/;;88124099671;Екатеринбург (Свердловская область);1,15785E+12;
Атика;https://www.atika-grup.ru/;;73432372707;Екатеринбург улица 8 Марта дом 120, офис 303;1,15666E+12;
Омбудсмен;https://ombudsman66.com/;;73432243311;Екатеринбург ул. Карла Либкнехта д. 22, оф. 612Д;1,15666E+12;
ЮРСЕРВИС Анны Косныревой;https://urservise.com/;;73842491935;Кемерово ул. Кузбасская д. 10, оф. 112;;
Хэлп МИ;https://helpmecentr.ru/;;78007008272;Москва ул. Маршала Рыбалко д. 2, корп. 8, оф. 202;1,15623E+12;
ДонЮрист;https://donjurist.ru/;;;Ростов-на-Дону Комсомольская площадь, ул. Ивановского д. 38, оф. 706;1,2061E+12;
Москонсалт;https://urcompanya.ru/;office@urcompanya.ru;88005557910;г. Владивосток, ул. Океанский проспект, д. 135, оф. 304;;
ДолгЦентр;https://dolg-centr.ru/novosib/;;73832278214;;3,15631E+14;6,31916E+11
РосПравда;https://rospravda.ru/;;88002225010;г. Москва, ул. Марксистская, д. 34, к. 8, оф. 9;;
Юристы без границ;https://uristybezgranic.ru/;pravobiznes@rambler.ru;79020124613;;1,1819E+12;1901139610
Юпитер;https://upiter.center/;info@upiter.center;88005053586;"г. Смоленск, ул. Дзержинского, д. 2; г. Барнаул, пр. Ленина, д. 147А; г. Омск, ул. Маяковского, д.17";;
Освободим;https://osvobodim.com/;;73832855853;Новосибирск ул. Крылова д. 34;1,18775E+12;
Росбанкрот;https://rosbankrot.ru/;;78005506767;;;
"Юридическая фирма ""Вайс и Партнеры""";https://vk.com/vais_partners;vaispartners29@gmail.com;89509624174;;;
Кредитный советник;https://kreditsovetnik.ru/;info@kreditsovetnik.ru;74957205208;г.Москва, ул.Воронцовская, д.35б к.1;1,2077E+12;7726462350
Адвокат по банкротству;https://адвокатпобанкротству.рф/;;84991136590;г. Москва, Холодильный пер., д. 3, корп. 1, стр. 3;3,21213E+14;2,1271E+11
АЙКЬЮ ГРУПП;https://iqrus.ru/;info@iqrus.ru;88003508329;"г. Москва, Большой Трехгорный пер., д.15, стр.1;";;
ул. Воротынская, д. 8/1;;;;;;
ул. Соколово-Мещерская д. 25;;;;;;
"Варшавское шоссе, д. 125, к. 3, стр. 1""";;6321441801;;;;
Вы Банкрот;https://vibankrot.ru/;;74952233540;Москва ул. 2-я Мытищинская д.2, стр. 8, офис 111;1,1977E+12;
Success finance;https://fin-success.biz/;;78001001068;г. Грозный, ул. Шейха Али Митаева, д. 12;1,15775E+12;7717293829
Правовое бюро «СиницынЪ и партнеры»;https://sinitsyn.org/;;79107435262;г. Брянск, ул. Бежицкая, д. 185;3,22326E+14;
Коллегия адвокатов «SEDLEX»;https://sedlex.pro/;;79670574747;Москва ул. Машкова д. 5, стр. 1;1,18775E+12;
Юриус Е;https://yurius-e.ru/;;79961831561;Екатеринбург улица Щорса д. 7, офис 304;1,15666E+12;
Lidia Group;http://lidiagroup.ru/;info@lidiagroup.ru;79999756138;г. Москва, ул. Клары Цеткин, д. 31;;7,73131E+11
Покутнева Елена Владимировна;https://nskbankrot.ru/;;79232599399;Новосибирск ул. Шевченко д. 15;3,18548E+14;
Центр права и защиты;https://cpravo.ru/;;74956693597;Москва улица Щепкина дом 28, эт 4 пом I ком 16;5,14775E+12;
Инвест Консалт;https://www.investconsult-sp.ru/;;79268150701;Сергиев Посад ул. Кооперативная д. 2, ТЦ «Мамонтов», 3 этаж;1,14504E+12;
ЮК «Арбитр»;https://arbitr-uc.ru/;;79833028235;Новосибирск пр-т Карла Маркса д. 30, этаж 4,  оф. 429/1, (Метро Студенческая);1,0654E+12;
Юником.Право;https://unicompravo.ru/;;79587714039;Санкт-Петербург Митрофаньевское ш. д. 2;3,1545E+14;
Грачев и партнеры;https://yurist-bankrotstvo.ru/;;74951183232;Москва улица Сергея Макеева дом 1, эт 2 пом I оф 5;1,14775E+12;
Нет-кредиту.рф;https://нет-кредиту.рф/;urzasita@yandex.ru;88006004175;;1,2118E+12;
Юридическая контора;https://uridkontora.ru/;uridkontora@mail.ru;89140073742;г. Братск, ул. Пирогова, д. 18, кв. 78;1,2038E+12;3805735797
Нева-Право;https://www.nevapravo.ru/;;79587714047;Санкт-Петербург ул. Малая Морская д.11 оф.402;1,18785E+12;
Юридическая группа «ДиСт»;https://urgruppadist.ru;urgruppadist@yandex.ru;84959721228;г. Москва, ул. Нагатинская, д. 16, оф. 3-5-Б;;
Бережное Банкротство;https://xn--80abe5aohbnkjb.xn--p1acf/;;78126191122;Санкт-Петербург ул. Б. Пороховская д. 22;3,13785E+14;
Лебедь и ПАРТНЕРЫ;https://vk.com/lebedmsk;;79626616699;Москва ул. Лесная д. 39;3,12775E+14;
Коллегия Правовой Поддержки;https://mospravo.info/;mail@mospravo.info;84957922410;;;
Репутация права;http://xn----7sbbajow8cdegtm8b6i.xn--p1ai/;;79175847959;Москва ул. Адмирала Макарова д. 6к13;1,18505E+12;
Юринформ 61;http://bankrot-ufo.plp7.ru/;;79614199119;Ростов-на-Дону ул. Красноармейская д. 176/46, оф. 704;1,1762E+12;
Палюпин и партнеры;https://palyulin.ru/;;74956646337;Москва Угловой пер. д.27;5,16775E+12;
Ависта - Судебные юристы;http://arbitr66.ru/;;73432686928;Екатеринбург ул. Большакова дом 75, офис 66;1,15666E+12;
Единая служба банкротства;https://xn----7sbbabci0a5bd2anzelpbf.xn--p1ai/;;79808888329;Москва ул. Б.Тульская д. 11;3,14775E+14;
Финансовый защитник;https://finzashitnik.ru/;pzfz@yandex.ru;79659905113;г. Бердск, ул. Ленина, 69, офис 314;;5402018769
Лекс Юрис;https://lex-juris.ru/;;79112766572;Санкт-Петербург Боровая улица д. 32, офис 407А;1,16785E+12;
Цитадель;http://dolgitorgi.ru/;;79516511545;Санкт-Петербург пр. Шаумяна, д. 8 офис 410а;1,16785E+12;
Помоги центр;https://pomogi-centr.ru/;info@pomogi-centr.ru;88003332997;г. Тверь, пр-т Победы, д. 3, оф. 22;1,2069E+12;6950238901
Методы Защиты;http://www.metodizashiti.ru/;;79110991095;"Санкт-Петербург Басков переулок дом 3, корпус ""Б"", офис 1-Н, ст. метро Чернышевская";1,18785E+12;
Терраконсалт;https://terraconsult.ru/;;74993224096;Москва Ленинградский проспект дом 47, строение 2, офис 202;1,13505E+12;
Юридическое агентство «Ваша правовая защита»;https://advokaty39.pro/;v.p.z@bk.ru;84012391502;г. Калининград, Советский проспект, д. 105 «Б», оф. 3;;
Петербургское право;https://petrpravo.ru/;info@petrpravo.ru;78123177772;г. Санкт-Петербург, ул. Кузнецовская д.19, лит.А, оф. 106;;
Альтаир;https://mosaltair.ru/;;74951177097;Москва Новослободская улица д. 3, 4 этаж;1,18775E+12;
Банкротное Бюро №1;https://bankrotnoebyuro1.ru/;mail@bb-1.ru;78002222253;;1,18785E+12;
ЮК «Правое ДЕЛО»;https://pravoe-delo.su/;;79001272278;Ростов-на-Дону пер. Семашко д. 48 Е, 7 этаж;1,1662E+12;
Коллегия;https://www.9111.ru/urist-2315791/;;79122089695;Екатеринбург улица Колмогорова дом 54А;1,19666E+12;
Крыловы и Партнеры;https://krylovy.com/;;73433020109;Екатеринбург улица Радищева д. 6а, 11 этаж, 2 подъезд, офис 211;1,14669E+12;
АльфаГрупп;https://www.alfag.ru/;;74959894240;Москва Нижний Сусальный переулок д. 5, строение 19;1,17775E+12;
Эмиров и партнеры;https://emirov.pro/;;79265801073;Москва ул. Космонавта Волкова д. 10, стр. 1, офис 230;1,17775E+12;
Часовский Тимур;http://chasovskiy.ru/;;79224059730;Екатеринбург ул. Челюскинцев д. 2, офис 121;3,18862E+14;
Агафонов & Партнёры;https://agafonov-partners.ru/;;79253240703;Москва ул. Измайловский Вал д. 20, стр. 1, офис 104;3,0577E+14;
System Finance Group;https://system-finance.ru/;;74999385201;Москва Пресненская наб. д. 12;3,18505E+14;
Петрос Гарант;https://petros-garant.ru/;;74957838777;Москва Дмировский проезд д. 10;1,12775E+12;
Многофункциональный юридический центр;http://deure-cpp.ru/;;74952155427;Москва Семеновский пер. д. 15;5,17775E+12;
Ассоциация судебных юристов;https://acc-pravo.ru/;;73433616245;Екатеринбург ул. Декабристов д. 16/18з, офис 414;1,14666E+12;
Офис права;https://ofisprava.ru/;;78124438726;Москва Рязанский проспект дом 30/15, офис 305/2;3,17122E+14;
Кейс Консалтинг;https://ccase.su/;;78126085085;Санкт-Петербург Большой пр. д. 103, офис №3, территория Ленэкспо;1,14785E+12;
ПЦ «Покровский»;https://pokrovsky-pravo.ru/;;73433194573;Екатеринбург пер. Автоматики д. 1, 307;1,14668E+12;
НП КА «Де-Юре»;https://dejurepro.ru/;;73432264258;Екатеринбург ул. М.-Сибиряка д. 101 (БЦ «Манхэттен»), оф. 6.12;1,0466E+12;
Резолют;https://rezolut-law.ru/;;73432863795;Екатеринбург ул. Белинского д. 86, секция № 7, 9 этаж;1,13666E+12;
Нагдалиев групп;https://nagdaliev.ru/;;78129822888;Санкт-Петербург ул. Звенигородская д. 22 офис 437;1,18785E+12;
Оригинальное Решение;https://originalnoe-reshenie.ru/;;73433822956;Екатеринбург ул. Мамина Сибиряка д. 126;3,16966E+14;
Юридический центр IBFD;https://xn--80afcrapulrcm4j.xn--p1ai/;;74952410140;;1,16775E+12;
ЮЦ «Линия Защиты»;http://xn--80aatf4czb.net/;;73437776878;Екатеринбург ул. Чайковского д. 62, оф 10;1,17666E+12;
Петров и Ко;https://flbankrot.ru/;;78129074382;Санкт-Петербург Гражданский пр. д. 111;3,12785E+14;
Юрсервис Плюс;https://ur-servis.wixsite.com/site;;79043852723;Екатеринбург ул. Ясная д. 2;1,13669E+12;
"ЮК ""Спектр Защиты""";https://www.xn--80ajgfh2ajeme9e0a.xn--p1ai/;;79197642211;Железнодорожный ул.Маяковского д.4 (правое крыло), оф.24;1,18505E+12;
Банкрайз;https://bankrise.ru/;;74951882857;Москва ул. Б. Дмитровка д. 32, стр. 1, оф. 421;1,2077E+12;
Центр Банковского Права;https://bankinglaw.ru/;;73433613199;Екатеринбург ул. Московская д. 195, оф. 568;1,17666E+12;
Адвокатское Бюро «Бизнес-Право»;https://www.bisnesspravo.com/;;74991107817;Москва Ломоносовский пр-т д.18;1,0373E+12;
"Коллегия адвокатов ""Грозный и Партнеры""";https://grozny.advocats.group/;islam_khuchiev@mail.ru;79581110543;г. Грозный, ул. Абдаллы 2 Бен Аль-Хусейна (П. Мусорова), д. 21а;;
Ваш план Б;https://vashplanb.com/;contact@vashplanb.com;88006003866;г. Москва, Троилинский пер., д. 3, оф. 301;;
Вард;https://ward.su/;;79221795919;Екатеринбург ул. 8 Марта д. 194;1,13667E+12;
Освободим от кредитов;https://xn-----9kcddjchyetvvbbef6ah3ag.xn--p1ai/;;79581002834;Ростов-на-Дону ул.Московская д. 53, офис 208;3,1962E+14;
Дыков Иван Владимирович;https://novosib.mirbezdolgov.ru/;;73833122785;Новосибирск ул. Адриена Лежена д. 15 оф. 1;3,14548E+14;
Парабеллум;https://bflmsk.ru/;;74957735600;Москва ул. 2-я Квесисская д.24, к.3;1,16775E+12;
Юрус-групп;https://ooo-urus-group.ru/;;78005004435;г. Самара, ул. 4 проезд, 66, лит 5Х;1,2263E+12;6317159626
Юридические тонкости;https://urton.ru/;;74957895988;Москва ул. Воронцовская д. 35Б, корпус 2, офис 627;1,15775E+12;
Правовой Стимул;https://www.ukstimul.ru/;;78314138870;Нижний Новгород ул. Энгельса д. 1;1,2052E+12;
"Юридическое Агентство ""Дело""";https://deloltd.com/;svv@deloltd.com;;г. Барнаул, ул. Брестская, д. 5;;
УНУМ;https://unum24.ru/;;73433057196;Екатеринбург Сибирский тракт д. 8Б в здании БЦ «Чкалов-офис» в офисе 116;3,12662E+14;
Ураларбитр;https://www.uralarbitr.ru/;;73432880304;Екатеринбург ул. Шевченко д. 20;1,16966E+12;
Арбитраж Приморского района;https://i-bankrot.ru/;;79219121003;Санкт-Петербург проспект Королева дом 7, офис 99;1,15785E+12;
Легалюнион;https://legalunionspb.ru/;;78126111099;Санкт-Петербург ул. Кирочная д. 19, офис 15;1,19785E+12;
Агентство правового сопровождения «СПЕКТР»;https://netdolgov.org/;;74951862401;Москва ул.Каланчёвская д. 16с1, 4-й этаж, офис 4.07.15;1,12775E+12;
Юридическое Бюро №1;https://fizbankrot.com/;;78127010606;Санкт-Петербург ул. Боткинская д. 1в, п. 141;1,19548E+12;
ALP GROUP — Комплексная правовая защита;https://group-alp.com/;;74955322088;Москва Кропоткинский пер. дом №4;1,16775E+12;
Юридическая компания КЕВ;https://vk.com/yrkev;;74993488137;Москва улица Менжинского дом 3, офис 31;1,19775E+12;
Юридическая фирма «Содействие»;https://vk.com/sodeystvie_msk;;74950112058;Москва ул. Ярославская д. 57;1,17775E+12;
ЮрХелп;https://yurhelp.com/;;74951823537;Москва ул. Новодмитровская д. 2 корпус 1, 6 этаж;1,19775E+12;
Коллегия адвокатов «Профессионал»;https://xn----7sbabhlkyopugdclqtam8b.xn--p1ai/;;74952084548;Москвоская обл., г. Химки ул.Ленинградская д. 11;1,105E+12;
Юрикон;https://yuricon.ru/;;78314352550;Нижний Новгород ул. Большая Печерская д. 26, оф. 419, этаж 4, (БЦ Дипломат);1,19528E+12;
Юридическое Агентство «Правый Берег»;https://www.pblg.ru/;;74956496628;Москва ул. Большая Дмитровка д. 32, стр. 1;5,08775E+12;
Конгломерат;https://uk-konglomerat.ru/;;78124093451;Санкт-Петербург Морская набережная дом 39 корпус 3, помещение 28-н;1,14785E+12;
БСД №1;https://spishem-dolgi.ru/;;79001203120;Ростов-на-Дону Красноармейская улица дом 143 литер аг, офис 701;1,1962E+12;
Юридическая Фирма «Стандарт»;https://uf-standart.ru/;;78632854802;Ростов-на-Дону пер. Братский д. 30/20, оф. 401;1,1862E+12;
NO Credit;https://vk.com/nocred52;;78312830711;Нижний Новгород ул. Печерский съезд д. 22А;3,17435E+14;
АО «ФЮС»;https://2151777.ru/;;74991101737;Москва ул. Арбат д. 54/2 стр 1;1,19775E+12;
Центрэксперт;https://spb-lawyer.com/;;78005509563;Санкт-Петербург площадь Александра Невского д.2, литера Е, оф.506, 5 этаж;1,19785E+12;
Гильдия Юристов;https://gildia-advokat.ru/;;78129948390;Санкт-Петербург пр-т Московский д.212 оф.3036;1,14785E+12;
К-Юрист;https://xn--d1abkag0bdjgd2k.xn--p1ai/;;78125079629;Санкт-Петербург Лиговский проспект д 150, офис 301;1,15785E+12;
ЮК «Сабирова и Партнеры»;https://advokat-ekat.ru/;;73432887697;Екатеринбург пр-т Ленина д. 20;1,15367E+12;
НБ Консалтинг;https://www.nbconsulting.ru/;;73433797910;Екатеринбург ул. Радищева д. 33, 3 этаж, а/я 398;1,02661E+12;
Кудьяр Дмитрий Борисович;https://xn--90absbknhbvge.xn----7sbcf0afblnombxpob1b2b.xn--p1acf/;;79231963898;Новосибирск ул. Восход д. 20, оф. 513;3,05541E+14;
Кабинет финансовой помощи;https://kfp24.ru/;info@kfinp.ru;88005115012;;1,16169E+12;1659171810
Юридическая компания «АПК»;https://apk-pravo.ru/;;78432169093;Казань ул. Чистопольская д. 77/2, оф. 80;;
Юридическая компания «Правозащитник»;https://юс-правозащитник.рф/;;74999386700;г. Москва ул. Лесная д. 43, оф. 533;1,2177E+12;7707449940
АС-Консалтинг;https://www.company-as.ru/;;73433126052;Екатеринбург ул. Первомайская д.15, оф. 401 (БЦ «Вознесенский»);;
Человек и Закон;https://manandlaw.ru/;;78123399780;Санкт-Петербург ул. 1-я Красноармейская д. 15 литер А, офис 320;1,19785E+12;
ЮК «Банкротник»;https://xn--80abwhbpbhrv.xn--p1ai/;;78005504477;Ростов-на-Дону пер. Газетный д. 47Б, оф. 608;1,1562E+12;
Соколов и партнеры;https://sokolaw.ru/;;79042881753;;;
Социум;http://www.socium-legal.ru/;;78126424232;Санкт-Петербург наб. Обводного канала д. 21;1,13785E+12;
ПРОЮРИСТ;https://vk.com/public204966593;;79671847785;г.  Зеленоград, к. 1649, оф. 10;;
Правовой Аспект;http://pr-aspect.ru;pr-aspekt@mail.ru;73952506006;г. Иркутск, ул. Красноармейская, д. 4;1,12385E+12;3812144410
Банкротство физических лиц в Великом Новгороде;http://advokatyvn.ru/;;79116096110;г. Великий Новгород, ул. Тимура Фрунзе - Оловянка, д.21, оф.11;;
ЮНИКС 33;https://yunix33.ru/;yunix33@yandex.ru;79028890557;г. Владимир, ул. Северная д. 1а, к. 32, оф. 39;;
Агентство правовой защиты «Новая жизнь»;https://urnewlife.ru/;;78005506148;г. Уфа ул. Ленина д. 51;1,16028E+12;
Финансовый доктор;https://www.xn--c1abcmcndgt0g.xn--p1ai/;;79272361341;Уфа ул. Пушкина д. 59/61;;
ПЭО;https://bankrotstvo.damiz.ru/;;;Москва проспект Академика Сахарова дом 18;1,16169E+12;
Единый центр списания долгов;https://xn--d1ab0bt.xn--p1ai/;;74956652205;Москва ул. Земляной Вал д. 306, оф. 202;1,16785E+12;
Юрэкс Групп;http://urex-group.ru/;;78003507206;;1,17746E+12;
Рыков групп;https://rykov.group/;;78002013297;Москва проспект Мира д. 102;1,10775E+12;
Юрист Виталий Штыленко;http://www.stop-dolgi.com/;;78007074391;Москва ул. Ленинская Слобода д.26, БЦ «Омега-2», этаж 4, офис 427.3;3,18312E+14;
Контур Права;https://konturprava.ru/;;73512148400;Челябинск ул. Сони Кривой д. 43а, оф. 2;1,19746E+12;
ООО «Партнер»;https://kaluga-partner.ru/;nadejniipartner@mail.ru;79641406275;г. Калуга, ул. Плеханова, д. 83/51;;
Юридическая Компания «Юрайт»;http://bankrotstvo.yrait.ru/;;73432890047;Екатеринбург ул. Шевченко д. 20;1,16966E+12;
Правовое Сообщество «КОН»;https://juristsyt.ru/;;73432002655;Екатеринбург ул. Чайковского дом 62, кабинет 7;1,16966E+12;
"ООО ""Юридический консалтинг""";https://sarjurcomp.ru/;404484@mail.ru;79053845543;г. Саратов, ул. Большая Казачья, д. 33А;;
ЮК «Аврора»;https://avroransk.ru/;;79139878396;Новосибирск ул. Крылова д. 36, оф. 213;1,07616E+12;
Правовое содействие бизнесу;https://psb52.ru/;;79107968836;Нижний Новгород ул. Веденяпина д. 32, оф. 255;1,07526E+12;
РегСоюз;https://www.reg-souz.ru/;;78126124884;Санкт-Петербург проспект Бакунина д.5, бизнес-центр «Б5», оф.317;1,17785E+12;
Конса;https://konsa.spb.ru/;;78129495705;Санкт-Петербург Лиговский проспект дом 150 литер а, пом,офис 27н,615б;1,16785E+12;
Дарья Барнашева. Арбитражный управляющий;https://barnasheva.ru/;ay@dbarnasheva.ru;78003330127;г. Самара ул. Радонежского, д.9;;
Потопальский и партнеры;https://lawap.ru/;pavel@lawap.ru;79066442299;г. Калуга, ул. Карпова, д.24;;
Третейский суд;https://трс.рф/;hello@loftpineapple.com;88007006564;г. Барнаул, проспект Ленина, д. 161;;
Банкротство физических лиц в Москве;https://xn----7sbcf0afblnombxpob1b2b.xn--p1acf/;;79654221712;Москва ул. Даев переулок д. 20, офис 518;1,19775E+12;
Арбитражный управляющий Переверзев И.О.;https://bankrotstvo-novosibirsk54.ru/;;79612156668;;;
Фемида-Консалтинг;http://femidaforce96.ru/;;73432273227;Екатеринбург ул.Заводская д.27, оф.215;1,17666E+12;
"Юридическое Бюро ""Сушенцов, Полунин и Партнеры""";http://sppbureau.ru/;;78123028802;Санкт-Петербург ул. Шпалерная д. 60Б;1,19785E+12;
Форсети;http://форсети36.рф/;forseti36@yandex.ru;74732292009;г. Воронеж, ул. Чебышева, д.20, оф. 3;;
ИКЦ «Правовед»;https://pravoved777.ru/;;78002014815;Москва ул. Б. Тульская д.10, стр. 5, оф. 523;5,16775E+12;
ООО “ПАРУ ГРУПП”;https://parugroup.ru/;info@parugroup.ru;;г. Махачкала ул. Оскара, д. 42;;7723481394
Рослекс;https://roslex.ru/;info@roslex.ru;78129476002;г. Санкт-Петербург, Спасский пер., д.14/35;;
Хороший Юрист;https://правозащита64.рф/;zkn64@yandex.ru;79678096900;;;
Мосбанкрот;https://mos-bankrot.ru/;;78005059551;Москва ул. Большая Марьинская д.9 с.1;1,15183E+12;
АБ Консул;https://www.abkonsul.ru/;;78123175777;Санкт-Петербург Невский пр. д. 118, оф.5134;1,1978E+12;
Банкротство;https://xn----7sbeiia6axumbcqds.xn--80aberepujbrmlbr.xn--p1ai/;;79291553696;Санкт-Петербург пр-т Стачек д.72, оф. 317;1,11785E+12;
"Юридическая фирма ""Татаренко, Соклаков и партнеры""";https://vk.com/public193866588;uftsp06@bk.ru;78442493106;г. Волгоград, Ворошиловский район, ул.Грушевская, д. 10;;
Юридическая Помощь;https://xn--78-vlcqjbegkk5frbq.xn--p1ai/;;78124485819;Санкт-Петербург ул.Фурштатская д.34 пом. 14H;1,14785E+12;
Титул;https://titul-fiz.ru/;;79041729932;Екатеринбург ул. Чернышевского д. 16, оф.608;1,16966E+12;
Правоаналитик;https://pravoanalitik.ru/;;79516792054;"Санкт-Петербург ул. Кирочная д.9 БЦ ""АРСЕНАЛ"", офис 301";1,15785E+12;
МКА «ГСА»;https://advokat-gsa.ru/;;79772672050;Санкт-Петербург Невский проспект д. 173,первый подъезд, офис 27, 4 этаж;1,1677E+12;
Юридическая компания «Степанов банкрот»;https://stepanovbankrot.ru/;;88127048172;г. Санкт-Петербург, Лиговский пр-т, д. 256, к. 3, оф. 306;1,18785E+12;7810725470
Юстиция;https://uslugiuristov.ru/;;79650510784;Санкт-Петербург улица Савушкина дом 83 корпус 3, литер а, офис 330;1,02781E+12;
ПНТ Консалт;https://pntconsult.com/;;74956422076;Москва Орликов переулок дом 5;1,16775E+12;
Дарья Михайлова и Партнёры;https://dmpravo.ru/;;79119959847;Санкт-Петербург ул. Комсомола д. 16;3,18785E+14;
Эксперты банкротства;http://primesg.ru/;;74951197368;Москва ул. Автозаводская д. 23А, корп. 2, 5 этаж, офис 502;1,11775E+12;
Юрист поможет!;https://bryansk-yurist.ru/;;79803001335;Брянск ул. ?Фокина д. 38;;
Советник Волгоград;https://sovetnik-company.ru/;info@sovetnik-company.ru;79014680606;г. Волгоград, ул. Рабоче-Крестьянская, д. 30, оф. 402;;
Совет права;https://xn----7sbcf0apujbrmlb5a.xn--p1ai/;;78005052338;Москва Нижегородская улица дом 32 строение 4, этаж 1 пом 127;1,12775E+12;
Актор;https://aktorvn.ru/;kukshtel@mail.ru;79517281535;г. Великий Новгород, ул. Волотовская, д. 7 к. 1;;
Юридическое Бюро Право;https://pravo.cc/;;78127047973;Санкт-Петербург Невский проспект дом 22-24;3,17785E+14;
Правовой Петербург;https://yurist-advokat812.ru/;;78126037221;Санкт-Петербург пл.Александра Невского д.2, литера Е, офис 1106;1,1678E+12;
Шкурихин Дмитрий Анатольевич;http://shkurihin.ru/;;79214004545;Санкт-Петербург Невский проспект д. 180/2;1,12785E+12;
Коллегия адвокатов «Плесовских и Партнеры»;https://aib-legal.ru/;;74957661753;Москва ул. Николоямская д. 40/22, стр. 4, оф. 307;1,1977E+12;
АльфаЮрист;https://bankrotufa.ru/;;73472861056;Уфа ул. Пархоменко д. 108;;
Юдин и партнеры;http://dolgbanku.net/;;74996434694;Москва ул. Поварская д. 10, с. 1;1,18775E+12;
Bankrotbook (Банкрот Бук);https://bankrotbook.ru/;;74956695604;Москва Открытое ш. д. 12, стр. 1, оф. 210;1,18775E+12;
ЮЦ «Честное правосудие»;https://centerjustice.ru/;;78005514146;Москва Земляной вал д. 64 стр. 2 оф. 725;1,19775E+12;
Онегин Консалтинг;http://www.onegin-consulting.ru/;;78003507981;Москва 1-й Нагатинский пр-д д. 2;1,13785E+12;
Адвокат Айрат Саитгалин & CO;https://advokat-region.ru/;;79872511689;Уфа ул. Революционная д. 98/2а;;
Правовой центр «Спарта»;http://www.ursparta.ru/;;73452681187;Тюмень ул. 8 Марта д. 2/7;;
Юридический центр ЛИДЕР;https://leadervrn.ru/;info@leadervrn.ru;74732200573;г. Воронеж, ул. Степана Разина, д. 41;;
Минус долг;https://минус-долг.рф/;minus-dolg@mail.ru;79940024761;г. Владивосток, ул. Уборевича, д. 19, каб. 207;;
Юридическая компания Вектор Права;https://vk.com/vector_prava35;;79588560550;г. Вологда, Советский пр-т, д. 34, оф. 14;;
Колесникова О.А. и партнеры;https://pravo-vl.ru/;adv_kolesnikova@mail.ru;74232205175;г. Владивосток, ул. Семеновская, д. 7;;
Юридическая компания «Дом юриста»;http://lawhouse.tilda.ws/;law708012@gmail.com;89531708012;г. Санкт-Петербург, ул. Седова, д. 88;;
Априори;https://www.adv90.ru/;;79031283355;г. Видное, ул. Строительная, д. 15;;
Шалаевский и партнеры;http://500888.ru/;;79115010888;Вологда ул. Ленина д. 3, оф. 306;;
ЮК «Суть вопроса»;https://xn----8sba1acnyrkk0jn.xn--p1acf/;;78432042886;г.Казань пр. Ибрагимова д. 39;;
Леммет;http://lemmet.ru/;lemmet@mail.ru;8362319494;г. Йошкар-Ола, ул.Строителей, д.25, оф. 49;;
Dialog Lex;https://dialog-lex.ru/;;79177368622;Уфа ул. Бакалинская д. 21/1, оф. 3;;
Юридического бюро Игольниковой В.А.;https://valentina-igolniko.wixsite.com/;;89134455522;;;
ЮридическиЙ центр помощи;https://center-pomoshi.ru/;yupomoshi@yandex.ru;83902248664;Улан-Удэ (Бурятия);;
Адвокат М. Казарян;https://kazaryan.pro/;;79036515777;;1,2236E+12;3662302440
ЯБанкрот;https://jabankrot.ru/;info@jabankrot.ru;88007006115;г. Самара, пр. Кирова д. 180б, оф. 3б;;
Консалтинговый центр «Континент»;http://xn--24-6kc6ai0bbhck2k.xn--p1ai/;;79631918464;Красноярск ул. Молокова д. 66, оф. 345;;
Абсолют-Партнер;https://absolute-partner.ru/;;79210249606;г. Великий Новгород, набережная реки Гзень, д. 5, оф. 403;;
Центр правового содействия;http://bankrotstvo-cps.ru/;;79052972003;Вологда ул. Чехова д. 18-7, 2 этаж;;
Союз финансовой безопасности;https://fingaran.ru/;;79003666445;Брянск ул. Емлютина д. 44, оф. 29,30;;
Адвокатское бюро LEXEN;https://lexen.top/;info@lexen.top;73832091120;;;
Бендерский и партнеры;https://bplegal.ru/;info@bplegal.ru;74952323888;г. Москва, ул. Б. Каменщики, д. 9, стр. С;;
Стоп кредитам;https://stop-kreditam.czp-msk.ru/;gcpp@bk.ru;84950210020;г. Москва, ул. Ленинская Слобода, д.26, БЦ Омега 2, оф. 405.1 - 405.2;;
Юридическая компания «Сервис банкротств»;https://servicebankrot.ru/;serviceb.info@gmail.com;74951820255;г. Москва, Цветной бульвар, д. 11, оф. 208;;
Формула Права;https://arhresurs.ru/;;79022861745;Архангельск ул.Советская дом 65, офис 210;;
Юридическая компания «Альянс»;https://юристы35.рф/;;78172722002;Вологда ул. Чехова д. 51, оф. 2;;
ЮК «Уфа-Банкротство»;https://ufa-bankrotstvo.ru/;;79696163295;Уфа проспект Октября д. 105;;
Юридическая компания «Владимир Ан»;https://yurist-tyumen.ru/;;73452594920;Тюмень ул. Киевская д. 74А/1, оф. 11;;
ЮК «Бастион»;https://bastion02.ru/;;79872418968;Уфа ул. Ветошникова д. 99, оф. 406;;
Адвокат и юрист Кузнецов А. С.;https://chastniy-advokat.ru/;advokat.kas@yandex.ru;79587770990;г. Зеленоград, пл. Юности 2, стр.1, оф. 8;;
Киргетов и партнеры;http://sovetnik-tlt.ru/;sovetnik-tlt@mail.ru;88482703040;г. Тольятти, ул. Победы, д. 62;;
Юридический центр «Профессионал»;http://lcprofi.ru/;;78722567567;Махачкала ул. Абубакарова д. 84;;
Банкротство Кубань;https://bankrotstvo-kuban.ru/;;79189470333;Краснодар ул. 40 лет Победы д. 20/1;;
Правовой Центр Юрист 24;http://www.urist-pomosh.ru/;;79650198405;Санкт-Петербург ул. Ольги Берггольц дом 9,корпус 2, литер Е;;
Прикуль&КО;https://advokat-prikul.ru/;;;Екатеринбург улица Хохрякова дом 104, офис 204;1,17666E+12;
"Агентство ""ЛК""";http://igor-borozdin.ru/;;73832873396;"Новосибирск ул. Зыряновская д. 63, блок ""А"", оф. 502";1,11548E+12;
Время банкротства;https://bankrotstvo-pod-kluch.ru/;;74951977975;Москва 1-я улица Ямского Поля д. 17, корпус 12;;
"ЮК ""Баланс""";https://balance-f.ru/;;74953635950;Москва ул. Суворовская д. 3/1;1,2077E+12;
Юрконсалт;https://ur-consult.moscow/;;79771527855;Москва ул. Тайнинская д. 19;1,08775E+12;
Норма Права;https://vdolevoe.ru/;;74955428769;Москва Большая Сухаревская пл. дом 16/18, стр. 1;;
Сорокины и партнеры;https://consalt.ru/;consalt@consalt.ru;74932290909;г. Иваново, ул. Велижская, д. 8;;
Финлекс;https://xn--e1afhcj1ap.xn--p1ai/;;78463796478;Самара пр-т Карла Маркса д. 192, оф. 317;;
"ЮК ""Территория Банкротства""";https://www.tb.help/;;78002221006;Ростов-на-Дону улица Текучева дом 207 корпус а, офис 26;1,07616E+12;
"ЮК ""ЯРД""";https://yard-pravo.ru/;info@yard-pravo.ru;79011479525;г. Балашиха, ш. Энтузиастов, д. 32, оф. 412;;
Соцбанкрот;https://соцбанкрот-россии.рф/;socbankrot@gmail.com;89003143545;г. Саратов, ул. Зарубина, д. 18;;
Банкротный центр;https://www.xn----7sbcssfubdfvguf1d6d.xn--p1ai/;;79178679955;Казань ул. Промысловая д. 5, оф. 10;;
Программа «Максимум»;https://pro-maks.ru/;;78442261617;Волгоград ул. 7-й Гвардейской д. 2, оф. 307 А;;
Простые Решения;https://prostourist.ru/;vseprosto.zel@gmail.com;74994993034;г. Зеленоград, ул. Заводская, д.16 а;;
Юрист Ранис Ахмадуллин;https://raniszakon.ru/;Raniszakon@gmail.com;79503141401;;;
"ЮФ ""Сократ""";https://dolg-off-net.ru/;sokrat028@gmail.com;79581117562;г. Благовещенск, ул. Ленина, д. 191;;
Региональное агентство списания долгов;https://www.bankrotstvo-mkp.ru/;bankrotstvo-mkp@mail.ru;89675558989;Владикавказ (Северная Осетия);;
Мой Арбитр;https://myarbitr.clients.site/;;79882228999;Махачкала, 5-я линия Акушинского, д. 19;;
ЮК «Гнедых, Павлюк, Дадаев и партнеры»;https://advokat-gpd.ru/;;;Краснодар ул. Северная д. 510, оф. 202;;
Ю-Респект;https://vk.com/yurespect;info@24u-respect.ru;79848885152;г. Санкт-Петербург, Лиговский пр. д. 73;;
Свои люди;https://xn----dtbgpbhkwz1kh.xn--p1ai/;;73452544414;Тюмень ул. Рижская д. 55;;
Доверие Благовещенск;https://doverie28.ru/;89146100176@mail.ru;89146100176;г. Благовещенск, ул. Шевченко, д. 11, оф. 11;;
Банкротство физических лиц в г. Альметьевск;https://vk.com/ooo_aspri;;79196831399;;;
"ЮК ""Поверенный""";https://vk.com/club175896217;;79875429445;Арзамас (Нижегородская область);;
Юридическое агентство;https://la-advokat.ru/;;78124261757;Санкт-Петербург Спасский пер. д.12, пом. 7Н;3,18785E+14;
